"product_id","title","url","collection","garment","status","blocker","meta_title","meta_description","description_html"
"352722510","São Miguel Celeste | Blusão Moletom","https://loja.nimbuswear.com.br/produtos/sao-miguel-celeste/","NUVEM","Blusão Moletom","BLOQUEADO POR DADO YOUDRAW","A Central de Ajuda informa material e modelagem, mas não publica a tabela de medidas do moletom sem capuz.","São Miguel Celeste | Blusão Moletom | NIMBUS","São Miguel Celeste em blusão moletom NIMBUS. Modelagem unissex sem capuz. Produção sob demanda no Brasil.","<p>São Miguel Arcanjo entre nuvens, em traço celeste e cores suaves. A proteção do arcanjo na linguagem mais leve da NIMBUS.</p>
<h2>A peça</h2>
<p>50% algodão e 50% poliéster. Modelagem unissex sem capuz. Estampa em DTF. Cores disponíveis: Branca.</p>
<h2>Medidas</h2>
<p>AGUARDA CONFIRMAÇÃO DA YOUDRAW.</p>
<p>Compare as medidas com uma peça sua. Pode haver pequena variação de fabricação.</p>
<h2>Cuidados</h2>
<p>Lavar com água fria e sabão neutro; não usar alvejante, amaciante ou secadora; secar à sombra; passar do avesso.</p>
<h2>Produção e envio</h2>
<p>Produzida sob demanda no Brasil. Prazos médios totais após a confirmação do pagamento: São Paulo, 1 a 3 dias úteis; Sudeste, 2 a 4; Sul e Centro-Oeste, 3 a 5; Norte e Nordeste, 4 a 10. O prazo do checkout para o seu CEP prevalece. O rastreio é enviado após a postagem.</p>
<p><strong>REVISÃO TÉCNICA PENDENTE:</strong> A Central de Ajuda informa material e modelagem, mas não publica a tabela de medidas do moletom sem capuz.</p>
<p>Esta peça destina 10% do lucro ao projeto social da sua escolha, no checkout.</p>"
"352723243","São Miguel Celeste | Camiseta Premium","https://loja.nimbuswear.com.br/produtos/sao-miguel-celeste3/","NUVEM","Camiseta Premium","PRONTO PARA REVISÃO FINAL","","São Miguel Celeste | Camiseta Premium | NIMBUS","São Miguel Celeste em camiseta premium NIMBUS. Modelagem ajustada unissex. Produção sob demanda no Brasil.","<p>São Miguel Arcanjo entre nuvens, em traço celeste e cores suaves. A proteção do arcanjo na linguagem mais leve da NIMBUS.</p>
<h2>A peça</h2>
<p>100% algodão penteado, fio 30/1. Modelagem ajustada unissex. Estampa em DTG. Cores disponíveis: Branca.</p>
<h2>Medidas</h2>
<p>P 49,5x70,5; M 52,5x72; G 54x75,5; GG 60,5x81,5; EG 63x85 cm (largura x altura).</p>
<p>Compare as medidas com uma peça sua. Pode haver pequena variação de fabricação.</p>
<h2>Cuidados</h2>
<p>Lavar com água fria e sabão neutro; não usar alvejante, amaciante ou secadora; secar à sombra; passar do avesso.</p>
<h2>Produção e envio</h2>
<p>Produzida sob demanda no Brasil. Prazos médios totais após a confirmação do pagamento: São Paulo, 1 a 3 dias úteis; Sudeste, 2 a 4; Sul e Centro-Oeste, 3 a 5; Norte e Nordeste, 4 a 10. O prazo do checkout para o seu CEP prevalece. O rastreio é enviado após a postagem.</p>
<p>Esta peça destina 10% do lucro ao projeto social da sua escolha, no checkout.</p>"
"352722685","São Miguel Celeste | Moletom Canguru","https://loja.nimbuswear.com.br/produtos/sao-miguel-celeste1/","NUVEM","Moletom Canguru","PRONTO PARA REVISÃO FINAL","","São Miguel Celeste | Moletom Canguru | NIMBUS","São Miguel Celeste em moletom canguru NIMBUS. Modelagem unissex com capuz e bolso canguru. Produção sob demanda no Brasil.","<p>São Miguel Arcanjo entre nuvens, em traço celeste e cores suaves. A proteção do arcanjo na linguagem mais leve da NIMBUS.</p>
<h2>A peça</h2>
<p>50% algodão e 50% poliéster, com gramatura informada de 300 g. Modelagem unissex com capuz e bolso canguru. Estampa em DTF. Cores disponíveis: Branca.</p>
<h2>Medidas</h2>
<p>P 52x60; M 55x64; G 58x65; GG 61x65; EG 69x70 cm (largura x altura).</p>
<p>Compare as medidas com uma peça sua. Pode haver pequena variação de fabricação.</p>
<h2>Cuidados</h2>
<p>Lavar com água fria e sabão neutro; não usar alvejante, amaciante ou secadora; secar à sombra; passar do avesso.</p>
<h2>Produção e envio</h2>
<p>Produzida sob demanda no Brasil. Prazos médios totais após a confirmação do pagamento: São Paulo, 1 a 3 dias úteis; Sudeste, 2 a 4; Sul e Centro-Oeste, 3 a 5; Norte e Nordeste, 4 a 10. O prazo do checkout para o seu CEP prevalece. O rastreio é enviado após a postagem.</p>
<p>Esta peça destina 10% do lucro ao projeto social da sua escolha, no checkout.</p>"
"352720257","Acima de Tudo Gótico | Camiseta Oversized Premium","https://loja.nimbuswear.com.br/produtos/acima-de-tudo-gotico/","RELIQUIA","Camiseta Oversized Premium","BLOQUEADO POR DADO YOUDRAW","Confirmar no painel que os produtos NIMBUS usam a versão atual de 240 g, pois há páginas antigas do marketplace citando 165 g.","Acima de Tudo Gótico | Camiseta Oversized Premium | NIMBUS","Acima de Tudo Gótico em camiseta oversized premium NIMBUS. Modelagem oversized unissex, mangas 3/4 e caimento solto. Produção sob demanda no Brasil.","<p>A frase Acima de Tudo em letra gótica compacta, acompanhada por uma cruz. Uma declaração de fé direta, sóbria e atemporal.</p>
<h2>A peça</h2>
<p>100% algodão, com gramatura informada de 240 g. Modelagem oversized unissex, mangas 3/4 e caimento solto. Estampa em DTG. Cores disponíveis: Preta | Off-White.</p>
<h2>Medidas</h2>
<p>P 62x78; M 64x80; G 66x82; GG 68x84; EG 70x86 cm (largura x altura).</p>
<p>Compare as medidas com uma peça sua. Pode haver pequena variação de fabricação.</p>
<h2>Cuidados</h2>
<p>Lavar com água fria e sabão neutro; não usar alvejante, amaciante ou secadora; secar à sombra; passar do avesso.</p>
<h2>Produção e envio</h2>
<p>Produzida sob demanda no Brasil. Prazos médios totais após a confirmação do pagamento: São Paulo, 1 a 3 dias úteis; Sudeste, 2 a 4; Sul e Centro-Oeste, 3 a 5; Norte e Nordeste, 4 a 10. O prazo do checkout para o seu CEP prevalece. O rastreio é enviado após a postagem.</p>
<p><strong>REVISÃO TÉCNICA PENDENTE:</strong> Confirmar no painel que os produtos NIMBUS usam a versão atual de 240 g, pois há páginas antigas do marketplace citando 165 g.</p>
<p>Esta peça destina 10% do lucro ao projeto social da sua escolha, no checkout.</p>"
"352719728","Aparecida Barroca | Blusão Moletom","https://loja.nimbuswear.com.br/produtos/aparecida-barroca/","RELIQUIA","Blusão Moletom","BLOQUEADO POR DADO YOUDRAW","A Central de Ajuda informa material e modelagem, mas não publica a tabela de medidas do moletom sem capuz.","Aparecida Barroca | Blusão Moletom | NIMBUS","Aparecida Barroca em blusão moletom NIMBUS. Modelagem unissex sem capuz. Produção sob demanda no Brasil.","<p>Nossa Senhora Aparecida em composição barroca, com filigrana dourada e referências ao azulejo. Uma homenagem reverente à Padroeira do Brasil.</p>
<h2>A peça</h2>
<p>50% algodão e 50% poliéster. Modelagem unissex sem capuz. Estampa em DTF. Cores disponíveis: Branca.</p>
<h2>Medidas</h2>
<p>AGUARDA CONFIRMAÇÃO DA YOUDRAW.</p>
<p>Compare as medidas com uma peça sua. Pode haver pequena variação de fabricação.</p>
<h2>Cuidados</h2>
<p>Lavar com água fria e sabão neutro; não usar alvejante, amaciante ou secadora; secar à sombra; passar do avesso.</p>
<h2>Produção e envio</h2>
<p>Produzida sob demanda no Brasil. Prazos médios totais após a confirmação do pagamento: São Paulo, 1 a 3 dias úteis; Sudeste, 2 a 4; Sul e Centro-Oeste, 3 a 5; Norte e Nordeste, 4 a 10. O prazo do checkout para o seu CEP prevalece. O rastreio é enviado após a postagem.</p>
<p><strong>REVISÃO TÉCNICA PENDENTE:</strong> A Central de Ajuda informa material e modelagem, mas não publica a tabela de medidas do moletom sem capuz.</p>
<p>Esta peça destina 10% do lucro ao projeto social da sua escolha, no checkout.</p>"
"352890896","Aparecida Barroca | Camiseta Oversized Premium","https://loja.nimbuswear.com.br/produtos/aparecida-barroca2/","RELIQUIA","Camiseta Oversized Premium","BLOQUEADO POR DADO YOUDRAW","Confirmar no painel que os produtos NIMBUS usam a versão atual de 240 g, pois há páginas antigas do marketplace citando 165 g.","Aparecida Barroca | Camiseta Oversized Premium | NIMBUS","Aparecida Barroca em camiseta oversized premium NIMBUS. Modelagem oversized unissex, mangas 3/4 e caimento solto. Produção sob demanda no Brasil.","<p>Nossa Senhora Aparecida em composição barroca, com filigrana dourada e referências ao azulejo. Uma homenagem reverente à Padroeira do Brasil.</p>
<h2>A peça</h2>
<p>100% algodão, com gramatura informada de 240 g. Modelagem oversized unissex, mangas 3/4 e caimento solto. Estampa em DTG. Cores disponíveis: Preta | Off-White.</p>
<h2>Medidas</h2>
<p>P 62x78; M 64x80; G 66x82; GG 68x84; EG 70x86 cm (largura x altura).</p>
<p>Compare as medidas com uma peça sua. Pode haver pequena variação de fabricação.</p>
<h2>Cuidados</h2>
<p>Lavar com água fria e sabão neutro; não usar alvejante, amaciante ou secadora; secar à sombra; passar do avesso.</p>
<h2>Produção e envio</h2>
<p>Produzida sob demanda no Brasil. Prazos médios totais após a confirmação do pagamento: São Paulo, 1 a 3 dias úteis; Sudeste, 2 a 4; Sul e Centro-Oeste, 3 a 5; Norte e Nordeste, 4 a 10. O prazo do checkout para o seu CEP prevalece. O rastreio é enviado após a postagem.</p>
<p><strong>REVISÃO TÉCNICA PENDENTE:</strong> Confirmar no painel que os produtos NIMBUS usam a versão atual de 240 g, pois há páginas antigas do marketplace citando 165 g.</p>
<p>Esta peça destina 10% do lucro ao projeto social da sua escolha, no checkout.</p>"
"352720127","Aparecida Barroca | Camiseta Premium","https://loja.nimbuswear.com.br/produtos/aparecida-barroca3/","RELIQUIA","Camiseta Premium","PRONTO PARA REVISÃO FINAL","","Aparecida Barroca | Camiseta Premium | NIMBUS","Aparecida Barroca em camiseta premium NIMBUS. Modelagem ajustada unissex. Produção sob demanda no Brasil.","<p>Nossa Senhora Aparecida em composição barroca, com filigrana dourada e referências ao azulejo. Uma homenagem reverente à Padroeira do Brasil.</p>
<h2>A peça</h2>
<p>100% algodão penteado, fio 30/1. Modelagem ajustada unissex. Estampa em DTG. Cores disponíveis: Branca.</p>
<h2>Medidas</h2>
<p>P 49,5x70,5; M 52,5x72; G 54x75,5; GG 60,5x81,5; EG 63x85 cm (largura x altura).</p>
<p>Compare as medidas com uma peça sua. Pode haver pequena variação de fabricação.</p>
<h2>Cuidados</h2>
<p>Lavar com água fria e sabão neutro; não usar alvejante, amaciante ou secadora; secar à sombra; passar do avesso.</p>
<h2>Produção e envio</h2>
<p>Produzida sob demanda no Brasil. Prazos médios totais após a confirmação do pagamento: São Paulo, 1 a 3 dias úteis; Sudeste, 2 a 4; Sul e Centro-Oeste, 3 a 5; Norte e Nordeste, 4 a 10. O prazo do checkout para o seu CEP prevalece. O rastreio é enviado após a postagem.</p>
<p>Esta peça destina 10% do lucro ao projeto social da sua escolha, no checkout.</p>"
"352719816","Aparecida Barroca | Moletom Canguru","https://loja.nimbuswear.com.br/produtos/aparecida-barroca1/","RELIQUIA","Moletom Canguru","PRONTO PARA REVISÃO FINAL","","Aparecida Barroca | Moletom Canguru | NIMBUS","Aparecida Barroca em moletom canguru NIMBUS. Modelagem unissex com capuz e bolso canguru. Produção sob demanda no Brasil.","<p>Nossa Senhora Aparecida em composição barroca, com filigrana dourada e referências ao azulejo. Uma homenagem reverente à Padroeira do Brasil.</p>
<h2>A peça</h2>
<p>50% algodão e 50% poliéster, com gramatura informada de 300 g. Modelagem unissex com capuz e bolso canguru. Estampa em DTF. Cores disponíveis: Branca.</p>
<h2>Medidas</h2>
<p>P 52x60; M 55x64; G 58x65; GG 61x65; EG 69x70 cm (largura x altura).</p>
<p>Compare as medidas com uma peça sua. Pode haver pequena variação de fabricação.</p>
<h2>Cuidados</h2>
<p>Lavar com água fria e sabão neutro; não usar alvejante, amaciante ou secadora; secar à sombra; passar do avesso.</p>
<h2>Produção e envio</h2>
<p>Produzida sob demanda no Brasil. Prazos médios totais após a confirmação do pagamento: São Paulo, 1 a 3 dias úteis; Sudeste, 2 a 4; Sul e Centro-Oeste, 3 a 5; Norte e Nordeste, 4 a 10. O prazo do checkout para o seu CEP prevalece. O rastreio é enviado após a postagem.</p>
<p>Esta peça destina 10% do lucro ao projeto social da sua escolha, no checkout.</p>"
"352717960","Azulejo Sagrado | Blusão Moletom","https://loja.nimbuswear.com.br/produtos/azulejo/","RELIQUIA","Blusão Moletom","BLOQUEADO POR DADO YOUDRAW","A Central de Ajuda informa material e modelagem, mas não publica a tabela de medidas do moletom sem capuz.","Azulejo Sagrado | Blusão Moletom | NIMBUS","Azulejo Sagrado em blusão moletom NIMBUS. Modelagem unissex sem capuz. Produção sob demanda no Brasil.","<p>Azulejo em azul e branco, cruz central e filigrana dourada. Tradição luso-brasileira e arte sacra em uma composição ornamental.</p>
<h2>A peça</h2>
<p>50% algodão e 50% poliéster. Modelagem unissex sem capuz. Estampa em DTF. Cores disponíveis: Branca.</p>
<h2>Medidas</h2>
<p>AGUARDA CONFIRMAÇÃO DA YOUDRAW.</p>
<p>Compare as medidas com uma peça sua. Pode haver pequena variação de fabricação.</p>
<h2>Cuidados</h2>
<p>Lavar com água fria e sabão neutro; não usar alvejante, amaciante ou secadora; secar à sombra; passar do avesso.</p>
<h2>Produção e envio</h2>
<p>Produzida sob demanda no Brasil. Prazos médios totais após a confirmação do pagamento: São Paulo, 1 a 3 dias úteis; Sudeste, 2 a 4; Sul e Centro-Oeste, 3 a 5; Norte e Nordeste, 4 a 10. O prazo do checkout para o seu CEP prevalece. O rastreio é enviado após a postagem.</p>
<p><strong>REVISÃO TÉCNICA PENDENTE:</strong> A Central de Ajuda informa material e modelagem, mas não publica a tabela de medidas do moletom sem capuz.</p>
<p>Esta peça destina 10% do lucro ao projeto social da sua escolha, no checkout.</p>"
"352718275","Azulejo Sagrado | Camiseta Premium","https://loja.nimbuswear.com.br/produtos/azulejo3/","RELIQUIA","Camiseta Premium","PRONTO PARA REVISÃO FINAL","","Azulejo Sagrado | Camiseta Premium | NIMBUS","Azulejo Sagrado em camiseta premium NIMBUS. Modelagem ajustada unissex. Produção sob demanda no Brasil.","<p>Azulejo em azul e branco, cruz central e filigrana dourada. Tradição luso-brasileira e arte sacra em uma composição ornamental.</p>
<h2>A peça</h2>
<p>100% algodão penteado, fio 30/1. Modelagem ajustada unissex. Estampa em DTG. Cores disponíveis: Branca.</p>
<h2>Medidas</h2>
<p>P 49,5x70,5; M 52,5x72; G 54x75,5; GG 60,5x81,5; EG 63x85 cm (largura x altura).</p>
<p>Compare as medidas com uma peça sua. Pode haver pequena variação de fabricação.</p>
<h2>Cuidados</h2>
<p>Lavar com água fria e sabão neutro; não usar alvejante, amaciante ou secadora; secar à sombra; passar do avesso.</p>
<h2>Produção e envio</h2>
<p>Produzida sob demanda no Brasil. Prazos médios totais após a confirmação do pagamento: São Paulo, 1 a 3 dias úteis; Sudeste, 2 a 4; Sul e Centro-Oeste, 3 a 5; Norte e Nordeste, 4 a 10. O prazo do checkout para o seu CEP prevalece. O rastreio é enviado após a postagem.</p>
<p>Esta peça destina 10% do lucro ao projeto social da sua escolha, no checkout.</p>"
"352718083","Azulejo Sagrado | Moletom Canguru","https://loja.nimbuswear.com.br/produtos/azulejo1/","RELIQUIA","Moletom Canguru","PRONTO PARA REVISÃO FINAL","","Azulejo Sagrado | Moletom Canguru | NIMBUS","Azulejo Sagrado em moletom canguru NIMBUS. Modelagem unissex com capuz e bolso canguru. Produção sob demanda no Brasil.","<p>Azulejo em azul e branco, cruz central e filigrana dourada. Tradição luso-brasileira e arte sacra em uma composição ornamental.</p>
<h2>A peça</h2>
<p>50% algodão e 50% poliéster, com gramatura informada de 300 g. Modelagem unissex com capuz e bolso canguru. Estampa em DTF. Cores disponíveis: Branca.</p>
<h2>Medidas</h2>
<p>P 52x60; M 55x64; G 58x65; GG 61x65; EG 69x70 cm (largura x altura).</p>
<p>Compare as medidas com uma peça sua. Pode haver pequena variação de fabricação.</p>
<h2>Cuidados</h2>
<p>Lavar com água fria e sabão neutro; não usar alvejante, amaciante ou secadora; secar à sombra; passar do avesso.</p>
<h2>Produção e envio</h2>
<p>Produzida sob demanda no Brasil. Prazos médios totais após a confirmação do pagamento: São Paulo, 1 a 3 dias úteis; Sudeste, 2 a 4; Sul e Centro-Oeste, 3 a 5; Norte e Nordeste, 4 a 10. O prazo do checkout para o seu CEP prevalece. O rastreio é enviado após a postagem.</p>
<p>Esta peça destina 10% do lucro ao projeto social da sua escolha, no checkout.</p>"
"352717723","Brasão NIMBUS | Camiseta Oversized Premium","https://loja.nimbuswear.com.br/produtos/brasao/","RELIQUIA","Camiseta Oversized Premium","BLOQUEADO POR DADO YOUDRAW","Confirmar no painel que os produtos NIMBUS usam a versão atual de 240 g, pois há páginas antigas do marketplace citando 165 g.","Brasão NIMBUS | Camiseta Oversized Premium | NIMBUS","Brasão NIMBUS em camiseta oversized premium NIMBUS. Modelagem oversized unissex, mangas 3/4 e caimento solto. Produção sob demanda no Brasil.","<p>Cruz gótica ornamentada, NIMBUS e a frase Acima de Tudo formam o brasão da marca. Um emblema de fé com textura vintage.</p>
<h2>A peça</h2>
<p>100% algodão, com gramatura informada de 240 g. Modelagem oversized unissex, mangas 3/4 e caimento solto. Estampa em DTG. Cores disponíveis: Preta | Off-White.</p>
<h2>Medidas</h2>
<p>P 62x78; M 64x80; G 66x82; GG 68x84; EG 70x86 cm (largura x altura).</p>
<p>Compare as medidas com uma peça sua. Pode haver pequena variação de fabricação.</p>
<h2>Cuidados</h2>
<p>Lavar com água fria e sabão neutro; não usar alvejante, amaciante ou secadora; secar à sombra; passar do avesso.</p>
<h2>Produção e envio</h2>
<p>Produzida sob demanda no Brasil. Prazos médios totais após a confirmação do pagamento: São Paulo, 1 a 3 dias úteis; Sudeste, 2 a 4; Sul e Centro-Oeste, 3 a 5; Norte e Nordeste, 4 a 10. O prazo do checkout para o seu CEP prevalece. O rastreio é enviado após a postagem.</p>
<p><strong>REVISÃO TÉCNICA PENDENTE:</strong> Confirmar no painel que os produtos NIMBUS usam a versão atual de 240 g, pois há páginas antigas do marketplace citando 165 g.</p>
<p>Esta peça destina 10% do lucro ao projeto social da sua escolha, no checkout.</p>"
"352717837","Brasão NIMBUS | Camiseta Premium","https://loja.nimbuswear.com.br/produtos/brasao1/","RELIQUIA","Camiseta Premium","PRONTO PARA REVISÃO FINAL","","Brasão NIMBUS | Camiseta Premium | NIMBUS","Brasão NIMBUS em camiseta premium NIMBUS. Modelagem ajustada unissex. Produção sob demanda no Brasil.","<p>Cruz gótica ornamentada, NIMBUS e a frase Acima de Tudo formam o brasão da marca. Um emblema de fé com textura vintage.</p>
<h2>A peça</h2>
<p>100% algodão penteado, fio 30/1. Modelagem ajustada unissex. Estampa em DTG. Cores disponíveis: Preta | Branca.</p>
<h2>Medidas</h2>
<p>P 49,5x70,5; M 52,5x72; G 54x75,5; GG 60,5x81,5; EG 63x85 cm (largura x altura).</p>
<p>Compare as medidas com uma peça sua. Pode haver pequena variação de fabricação.</p>
<h2>Cuidados</h2>
<p>Lavar com água fria e sabão neutro; não usar alvejante, amaciante ou secadora; secar à sombra; passar do avesso.</p>
<h2>Produção e envio</h2>
<p>Produzida sob demanda no Brasil. Prazos médios totais após a confirmação do pagamento: São Paulo, 1 a 3 dias úteis; Sudeste, 2 a 4; Sul e Centro-Oeste, 3 a 5; Norte e Nordeste, 4 a 10. O prazo do checkout para o seu CEP prevalece. O rastreio é enviado após a postagem.</p>
<p>Esta peça destina 10% do lucro ao projeto social da sua escolha, no checkout.</p>"
"352703276","Deus é Fiel | Camiseta Oversized Premium","https://loja.nimbuswear.com.br/produtos/deus-e-fiel/","RELIQUIA","Camiseta Oversized Premium","BLOQUEADO POR DADO YOUDRAW","Confirmar no painel que os produtos NIMBUS usam a versão atual de 240 g, pois há páginas antigas do marketplace citando 165 g.","Deus é Fiel | Camiseta Oversized Premium | NIMBUS","Deus é Fiel em camiseta oversized premium NIMBUS. Modelagem oversized unissex, mangas 3/4 e caimento solto. Produção sob demanda no Brasil.","<p>A frase Deus é Fiel em letra gótica, com cruz e acabamento vintage. Uma promessa curta e firme para carregar todos os dias.</p>
<h2>A peça</h2>
<p>100% algodão, com gramatura informada de 240 g. Modelagem oversized unissex, mangas 3/4 e caimento solto. Estampa em DTG. Cores disponíveis: Preta.</p>
<h2>Medidas</h2>
<p>P 62x78; M 64x80; G 66x82; GG 68x84; EG 70x86 cm (largura x altura).</p>
<p>Compare as medidas com uma peça sua. Pode haver pequena variação de fabricação.</p>
<h2>Cuidados</h2>
<p>Lavar com água fria e sabão neutro; não usar alvejante, amaciante ou secadora; secar à sombra; passar do avesso.</p>
<h2>Produção e envio</h2>
<p>Produzida sob demanda no Brasil. Prazos médios totais após a confirmação do pagamento: São Paulo, 1 a 3 dias úteis; Sudeste, 2 a 4; Sul e Centro-Oeste, 3 a 5; Norte e Nordeste, 4 a 10. O prazo do checkout para o seu CEP prevalece. O rastreio é enviado após a postagem.</p>
<p><strong>REVISÃO TÉCNICA PENDENTE:</strong> Confirmar no painel que os produtos NIMBUS usam a versão atual de 240 g, pois há páginas antigas do marketplace citando 165 g.</p>
<p>Esta peça destina 10% do lucro ao projeto social da sua escolha, no checkout.</p>"
"352703343","Deus é Fiel | Camiseta Premium","https://loja.nimbuswear.com.br/produtos/deus-e-fiel1/","RELIQUIA","Camiseta Premium","PRONTO PARA REVISÃO FINAL","","Deus é Fiel | Camiseta Premium | NIMBUS","Deus é Fiel em camiseta premium NIMBUS. Modelagem ajustada unissex. Produção sob demanda no Brasil.","<p>A frase Deus é Fiel em letra gótica, com cruz e acabamento vintage. Uma promessa curta e firme para carregar todos os dias.</p>
<h2>A peça</h2>
<p>100% algodão penteado, fio 30/1. Modelagem ajustada unissex. Estampa em DTG. Cores disponíveis: Preta.</p>
<h2>Medidas</h2>
<p>P 49,5x70,5; M 52,5x72; G 54x75,5; GG 60,5x81,5; EG 63x85 cm (largura x altura).</p>
<p>Compare as medidas com uma peça sua. Pode haver pequena variação de fabricação.</p>
<h2>Cuidados</h2>
<p>Lavar com água fria e sabão neutro; não usar alvejante, amaciante ou secadora; secar à sombra; passar do avesso.</p>
<h2>Produção e envio</h2>
<p>Produzida sob demanda no Brasil. Prazos médios totais após a confirmação do pagamento: São Paulo, 1 a 3 dias úteis; Sudeste, 2 a 4; Sul e Centro-Oeste, 3 a 5; Norte e Nordeste, 4 a 10. O prazo do checkout para o seu CEP prevalece. O rastreio é enviado após a postagem.</p>
<p>Esta peça destina 10% do lucro ao projeto social da sua escolha, no checkout.</p>"
"352702858","Fé Acima de Tudo | Camiseta Oversized Premium","https://loja.nimbuswear.com.br/produtos/fe-acima-de-tudo/","RELIQUIA","Camiseta Oversized Premium","BLOQUEADO POR DADO YOUDRAW","Confirmar no painel que os produtos NIMBUS usam a versão atual de 240 g, pois há páginas antigas do marketplace citando 165 g.","Fé Acima de Tudo | Camiseta Oversized Premium | NIMBUS","Fé Acima de Tudo em camiseta oversized premium NIMBUS. Modelagem oversized unissex, mangas 3/4 e caimento solto. Produção sob demanda no Brasil.","<p>A frase Fé Acima de Tudo em letra gótica, com cruz e auréola dourada. Uma declaração simples, firme e reverente.</p>
<h2>A peça</h2>
<p>100% algodão, com gramatura informada de 240 g. Modelagem oversized unissex, mangas 3/4 e caimento solto. Estampa em DTG. Cores disponíveis: Preta | Off-White.</p>
<h2>Medidas</h2>
<p>P 62x78; M 64x80; G 66x82; GG 68x84; EG 70x86 cm (largura x altura).</p>
<p>Compare as medidas com uma peça sua. Pode haver pequena variação de fabricação.</p>
<h2>Cuidados</h2>
<p>Lavar com água fria e sabão neutro; não usar alvejante, amaciante ou secadora; secar à sombra; passar do avesso.</p>
<h2>Produção e envio</h2>
<p>Produzida sob demanda no Brasil. Prazos médios totais após a confirmação do pagamento: São Paulo, 1 a 3 dias úteis; Sudeste, 2 a 4; Sul e Centro-Oeste, 3 a 5; Norte e Nordeste, 4 a 10. O prazo do checkout para o seu CEP prevalece. O rastreio é enviado após a postagem.</p>
<p><strong>REVISÃO TÉCNICA PENDENTE:</strong> Confirmar no painel que os produtos NIMBUS usam a versão atual de 240 g, pois há páginas antigas do marketplace citando 165 g.</p>
<p>Esta peça destina 10% do lucro ao projeto social da sua escolha, no checkout.</p>"
"352703153","Fé Acima de Tudo | Camiseta Premium","https://loja.nimbuswear.com.br/produtos/fe-acima-de-tudo1/","RELIQUIA","Camiseta Premium","PRONTO PARA REVISÃO FINAL","","Fé Acima de Tudo | Camiseta Premium | NIMBUS","Fé Acima de Tudo em camiseta premium NIMBUS. Modelagem ajustada unissex. Produção sob demanda no Brasil.","<p>A frase Fé Acima de Tudo em letra gótica, com cruz e auréola dourada. Uma declaração simples, firme e reverente.</p>
<h2>A peça</h2>
<p>100% algodão penteado, fio 30/1. Modelagem ajustada unissex. Estampa em DTG. Cores disponíveis: Preta | Branca.</p>
<h2>Medidas</h2>
<p>P 49,5x70,5; M 52,5x72; G 54x75,5; GG 60,5x81,5; EG 63x85 cm (largura x altura).</p>
<p>Compare as medidas com uma peça sua. Pode haver pequena variação de fabricação.</p>
<h2>Cuidados</h2>
<p>Lavar com água fria e sabão neutro; não usar alvejante, amaciante ou secadora; secar à sombra; passar do avesso.</p>
<h2>Produção e envio</h2>
<p>Produzida sob demanda no Brasil. Prazos médios totais após a confirmação do pagamento: São Paulo, 1 a 3 dias úteis; Sudeste, 2 a 4; Sul e Centro-Oeste, 3 a 5; Norte e Nordeste, 4 a 10. O prazo do checkout para o seu CEP prevalece. O rastreio é enviado após a postagem.</p>
<p>Esta peça destina 10% do lucro ao projeto social da sua escolha, no checkout.</p>"
"352702753","Monograma NIMBUS | Camiseta Oversized Premium","https://loja.nimbuswear.com.br/produtos/monograma-nmb/","RELIQUIA","Camiseta Oversized Premium","BLOQUEADO POR DADO YOUDRAW","Confirmar no painel que os produtos NIMBUS usam a versão atual de 240 g, pois há páginas antigas do marketplace citando 165 g.","Monograma NIMBUS | Camiseta Oversized Premium | NIMBUS","Monograma NIMBUS em camiseta oversized premium NIMBUS. Modelagem oversized unissex, mangas 3/4 e caimento solto. Produção sob demanda no Brasil.","<p>O monograma NIMBUS em letra gótica forma um emblema com cruz e auréola. Uma assinatura discreta da marca.</p>
<h2>A peça</h2>
<p>100% algodão, com gramatura informada de 240 g. Modelagem oversized unissex, mangas 3/4 e caimento solto. Estampa em DTG. Cores disponíveis: Preta | Off-White.</p>
<h2>Medidas</h2>
<p>P 62x78; M 64x80; G 66x82; GG 68x84; EG 70x86 cm (largura x altura).</p>
<p>Compare as medidas com uma peça sua. Pode haver pequena variação de fabricação.</p>
<h2>Cuidados</h2>
<p>Lavar com água fria e sabão neutro; não usar alvejante, amaciante ou secadora; secar à sombra; passar do avesso.</p>
<h2>Produção e envio</h2>
<p>Produzida sob demanda no Brasil. Prazos médios totais após a confirmação do pagamento: São Paulo, 1 a 3 dias úteis; Sudeste, 2 a 4; Sul e Centro-Oeste, 3 a 5; Norte e Nordeste, 4 a 10. O prazo do checkout para o seu CEP prevalece. O rastreio é enviado após a postagem.</p>
<p><strong>REVISÃO TÉCNICA PENDENTE:</strong> Confirmar no painel que os produtos NIMBUS usam a versão atual de 240 g, pois há páginas antigas do marketplace citando 165 g.</p>
<p>Esta peça destina 10% do lucro ao projeto social da sua escolha, no checkout.</p>"
"352702796","Monograma NIMBUS | Camiseta Premium","https://loja.nimbuswear.com.br/produtos/monograma-nmb1/","RELIQUIA","Camiseta Premium","PRONTO PARA REVISÃO FINAL","","Monograma NIMBUS | Camiseta Premium | NIMBUS","Monograma NIMBUS em camiseta premium NIMBUS. Modelagem ajustada unissex. Produção sob demanda no Brasil.","<p>O monograma NIMBUS em letra gótica forma um emblema com cruz e auréola. Uma assinatura discreta da marca.</p>
<h2>A peça</h2>
<p>100% algodão penteado, fio 30/1. Modelagem ajustada unissex. Estampa em DTG. Cores disponíveis: Preta | Branca.</p>
<h2>Medidas</h2>
<p>P 49,5x70,5; M 52,5x72; G 54x75,5; GG 60,5x81,5; EG 63x85 cm (largura x altura).</p>
<p>Compare as medidas com uma peça sua. Pode haver pequena variação de fabricação.</p>
<h2>Cuidados</h2>
<p>Lavar com água fria e sabão neutro; não usar alvejante, amaciante ou secadora; secar à sombra; passar do avesso.</p>
<h2>Produção e envio</h2>
<p>Produzida sob demanda no Brasil. Prazos médios totais após a confirmação do pagamento: São Paulo, 1 a 3 dias úteis; Sudeste, 2 a 4; Sul e Centro-Oeste, 3 a 5; Norte e Nordeste, 4 a 10. O prazo do checkout para o seu CEP prevalece. O rastreio é enviado após a postagem.</p>
<p>Esta peça destina 10% do lucro ao projeto social da sua escolha, no checkout.</p>"
"352702020","Salmo 19 | Camiseta Premium","https://loja.nimbuswear.com.br/produtos/salmo-193/","RELIQUIA","Camiseta Premium","PRONTO PARA REVISÃO FINAL","","Salmo 19 | Camiseta Premium | NIMBUS","Salmo 19 em camiseta premium NIMBUS. Modelagem ajustada unissex. Produção sob demanda no Brasil.","<p>Os céus proclamam a glória de Deus em letra gótica e textura de pôster antigo. Palavra e estética editorial na mesma arte.</p>
<h2>A peça</h2>
<p>100% algodão penteado, fio 30/1. Modelagem ajustada unissex. Estampa em DTG. Cores disponíveis: Preta | Branca.</p>
<h2>Medidas</h2>
<p>P 49,5x70,5; M 52,5x72; G 54x75,5; GG 60,5x81,5; EG 63x85 cm (largura x altura).</p>
<p>Compare as medidas com uma peça sua. Pode haver pequena variação de fabricação.</p>
<h2>Cuidados</h2>
<p>Lavar com água fria e sabão neutro; não usar alvejante, amaciante ou secadora; secar à sombra; passar do avesso.</p>
<h2>Produção e envio</h2>
<p>Produzida sob demanda no Brasil. Prazos médios totais após a confirmação do pagamento: São Paulo, 1 a 3 dias úteis; Sudeste, 2 a 4; Sul e Centro-Oeste, 3 a 5; Norte e Nordeste, 4 a 10. O prazo do checkout para o seu CEP prevalece. O rastreio é enviado após a postagem.</p>
<p>Esta peça destina 10% do lucro ao projeto social da sua escolha, no checkout.</p>"
"352619175","Salmo 19 | Moletom Canguru","https://loja.nimbuswear.com.br/produtos/salmo-191/","RELIQUIA","Moletom Canguru","PRONTO PARA REVISÃO FINAL","","Salmo 19 | Moletom Canguru | NIMBUS","Salmo 19 em moletom canguru NIMBUS. Modelagem unissex com capuz e bolso canguru. Produção sob demanda no Brasil.","<p>Os céus proclamam a glória de Deus em letra gótica e textura de pôster antigo. Palavra e estética editorial na mesma arte.</p>
<h2>A peça</h2>
<p>50% algodão e 50% poliéster, com gramatura informada de 300 g. Modelagem unissex com capuz e bolso canguru. Estampa em DTF. Cores disponíveis: Preta | Branca.</p>
<h2>Medidas</h2>
<p>P 52x60; M 55x64; G 58x65; GG 61x65; EG 69x70 cm (largura x altura).</p>
<p>Compare as medidas com uma peça sua. Pode haver pequena variação de fabricação.</p>
<h2>Cuidados</h2>
<p>Lavar com água fria e sabão neutro; não usar alvejante, amaciante ou secadora; secar à sombra; passar do avesso.</p>
<h2>Produção e envio</h2>
<p>Produzida sob demanda no Brasil. Prazos médios totais após a confirmação do pagamento: São Paulo, 1 a 3 dias úteis; Sudeste, 2 a 4; Sul e Centro-Oeste, 3 a 5; Norte e Nordeste, 4 a 10. O prazo do checkout para o seu CEP prevalece. O rastreio é enviado após a postagem.</p>
<p>Esta peça destina 10% do lucro ao projeto social da sua escolha, no checkout.</p>"
"352718943","São Jorge Neobarroco | Camiseta Oversized Premium","https://loja.nimbuswear.com.br/produtos/sao-jorge-neobarroco2/","RELIQUIA","Camiseta Oversized Premium","BLOQUEADO POR DADO YOUDRAW","Confirmar no painel que os produtos NIMBUS usam a versão atual de 240 g, pois há páginas antigas do marketplace citando 165 g.","São Jorge Neobarroco | Camiseta Oversized Premium | NIMBUS","São Jorge Neobarroco em camiseta oversized premium NIMBUS. Modelagem oversized unissex, mangas 3/4 e caimento solto. Produção sob demanda no Brasil.","<p>São Jorge e o dragão em composição neobarroca, com ornamentos e alto contraste. A imagem do santo guerreiro tratada com reverência e presença.</p>
<h2>A peça</h2>
<p>100% algodão, com gramatura informada de 240 g. Modelagem oversized unissex, mangas 3/4 e caimento solto. Estampa em DTG. Cores disponíveis: Preta | Off-White.</p>
<h2>Medidas</h2>
<p>P 62x78; M 64x80; G 66x82; GG 68x84; EG 70x86 cm (largura x altura).</p>
<p>Compare as medidas com uma peça sua. Pode haver pequena variação de fabricação.</p>
<h2>Cuidados</h2>
<p>Lavar com água fria e sabão neutro; não usar alvejante, amaciante ou secadora; secar à sombra; passar do avesso.</p>
<h2>Produção e envio</h2>
<p>Produzida sob demanda no Brasil. Prazos médios totais após a confirmação do pagamento: São Paulo, 1 a 3 dias úteis; Sudeste, 2 a 4; Sul e Centro-Oeste, 3 a 5; Norte e Nordeste, 4 a 10. O prazo do checkout para o seu CEP prevalece. O rastreio é enviado após a postagem.</p>
<p><strong>REVISÃO TÉCNICA PENDENTE:</strong> Confirmar no painel que os produtos NIMBUS usam a versão atual de 240 g, pois há páginas antigas do marketplace citando 165 g.</p>
<p>Esta peça destina 10% do lucro ao projeto social da sua escolha, no checkout.</p>"
"352718999","São Jorge Neobarroco | Camiseta Premium","https://loja.nimbuswear.com.br/produtos/sao-jorge-neobarroco3/","RELIQUIA","Camiseta Premium","PRONTO PARA REVISÃO FINAL","","São Jorge Neobarroco | Camiseta Premium | NIMBUS","São Jorge Neobarroco em camiseta premium NIMBUS. Modelagem ajustada unissex. Produção sob demanda no Brasil.","<p>São Jorge e o dragão em composição neobarroca, com ornamentos e alto contraste. A imagem do santo guerreiro tratada com reverência e presença.</p>
<h2>A peça</h2>
<p>100% algodão penteado, fio 30/1. Modelagem ajustada unissex. Estampa em DTG. Cores disponíveis: Preta | Branca.</p>
<h2>Medidas</h2>
<p>P 49,5x70,5; M 52,5x72; G 54x75,5; GG 60,5x81,5; EG 63x85 cm (largura x altura).</p>
<p>Compare as medidas com uma peça sua. Pode haver pequena variação de fabricação.</p>
<h2>Cuidados</h2>
<p>Lavar com água fria e sabão neutro; não usar alvejante, amaciante ou secadora; secar à sombra; passar do avesso.</p>
<h2>Produção e envio</h2>
<p>Produzida sob demanda no Brasil. Prazos médios totais após a confirmação do pagamento: São Paulo, 1 a 3 dias úteis; Sudeste, 2 a 4; Sul e Centro-Oeste, 3 a 5; Norte e Nordeste, 4 a 10. O prazo do checkout para o seu CEP prevalece. O rastreio é enviado após a postagem.</p>
<p>Esta peça destina 10% do lucro ao projeto social da sua escolha, no checkout.</p>"
"352718787","São Jorge Neobarroco | Moletom Canguru","https://loja.nimbuswear.com.br/produtos/sao-jorge-neobarroco1/","RELIQUIA","Moletom Canguru","PRONTO PARA REVISÃO FINAL","","São Jorge Neobarroco | Moletom Canguru | NIMBUS","São Jorge Neobarroco em moletom canguru NIMBUS. Modelagem unissex com capuz e bolso canguru. Produção sob demanda no Brasil.","<p>São Jorge e o dragão em composição neobarroca, com ornamentos e alto contraste. A imagem do santo guerreiro tratada com reverência e presença.</p>
<h2>A peça</h2>
<p>50% algodão e 50% poliéster, com gramatura informada de 300 g. Modelagem unissex com capuz e bolso canguru. Estampa em DTF. Cores disponíveis: Preta | Branca.</p>
<h2>Medidas</h2>
<p>P 52x60; M 55x64; G 58x65; GG 61x65; EG 69x70 cm (largura x altura).</p>
<p>Compare as medidas com uma peça sua. Pode haver pequena variação de fabricação.</p>
<h2>Cuidados</h2>
<p>Lavar com água fria e sabão neutro; não usar alvejante, amaciante ou secadora; secar à sombra; passar do avesso.</p>
<h2>Produção e envio</h2>
<p>Produzida sob demanda no Brasil. Prazos médios totais após a confirmação do pagamento: São Paulo, 1 a 3 dias úteis; Sudeste, 2 a 4; Sul e Centro-Oeste, 3 a 5; Norte e Nordeste, 4 a 10. O prazo do checkout para o seu CEP prevalece. O rastreio é enviado após a postagem.</p>
<p>Esta peça destina 10% do lucro ao projeto social da sua escolha, no checkout.</p>"
"352618837","São Jorge Vintage | Blusão Moletom","https://loja.nimbuswear.com.br/produtos/sao-jorge-vintage/","RELIQUIA","Blusão Moletom","BLOQUEADO POR DADO YOUDRAW","A Central de Ajuda informa material e modelagem, mas não publica a tabela de medidas do moletom sem capuz.","São Jorge Vintage | Blusão Moletom | NIMBUS","São Jorge Vintage em blusão moletom NIMBUS. Modelagem unissex sem capuz. Produção sob demanda no Brasil.","<p>São Jorge vencendo o dragão em halftone e letra gótica. A imagem do santo guerreiro em uma leitura vintage de alto contraste.</p>
<h2>A peça</h2>
<p>50% algodão e 50% poliéster. Modelagem unissex sem capuz. Estampa em DTF. Cores disponíveis: Preta | Branca.</p>
<h2>Medidas</h2>
<p>AGUARDA CONFIRMAÇÃO DA YOUDRAW.</p>
<p>Compare as medidas com uma peça sua. Pode haver pequena variação de fabricação.</p>
<h2>Cuidados</h2>
<p>Lavar com água fria e sabão neutro; não usar alvejante, amaciante ou secadora; secar à sombra; passar do avesso.</p>
<h2>Produção e envio</h2>
<p>Produzida sob demanda no Brasil. Prazos médios totais após a confirmação do pagamento: São Paulo, 1 a 3 dias úteis; Sudeste, 2 a 4; Sul e Centro-Oeste, 3 a 5; Norte e Nordeste, 4 a 10. O prazo do checkout para o seu CEP prevalece. O rastreio é enviado após a postagem.</p>
<p><strong>REVISÃO TÉCNICA PENDENTE:</strong> A Central de Ajuda informa material e modelagem, mas não publica a tabela de medidas do moletom sem capuz.</p>
<p>Esta peça destina 10% do lucro ao projeto social da sua escolha, no checkout.</p>"
"352618903","São Jorge Vintage | Camiseta Oversized Premium","https://loja.nimbuswear.com.br/produtos/sao-jorge-vintage2/","RELIQUIA","Camiseta Oversized Premium","BLOQUEADO POR DADO YOUDRAW","Confirmar no painel que os produtos NIMBUS usam a versão atual de 240 g, pois há páginas antigas do marketplace citando 165 g.","São Jorge Vintage | Camiseta Oversized Premium | NIMBUS","São Jorge Vintage em camiseta oversized premium NIMBUS. Modelagem oversized unissex, mangas 3/4 e caimento solto. Produção sob demanda no Brasil.","<p>São Jorge vencendo o dragão em halftone e letra gótica. A imagem do santo guerreiro em uma leitura vintage de alto contraste.</p>
<h2>A peça</h2>
<p>100% algodão, com gramatura informada de 240 g. Modelagem oversized unissex, mangas 3/4 e caimento solto. Estampa em DTG. Cores disponíveis: Preta | Off-White.</p>
<h2>Medidas</h2>
<p>P 62x78; M 64x80; G 66x82; GG 68x84; EG 70x86 cm (largura x altura).</p>
<p>Compare as medidas com uma peça sua. Pode haver pequena variação de fabricação.</p>
<h2>Cuidados</h2>
<p>Lavar com água fria e sabão neutro; não usar alvejante, amaciante ou secadora; secar à sombra; passar do avesso.</p>
<h2>Produção e envio</h2>
<p>Produzida sob demanda no Brasil. Prazos médios totais após a confirmação do pagamento: São Paulo, 1 a 3 dias úteis; Sudeste, 2 a 4; Sul e Centro-Oeste, 3 a 5; Norte e Nordeste, 4 a 10. O prazo do checkout para o seu CEP prevalece. O rastreio é enviado após a postagem.</p>
<p><strong>REVISÃO TÉCNICA PENDENTE:</strong> Confirmar no painel que os produtos NIMBUS usam a versão atual de 240 g, pois há páginas antigas do marketplace citando 165 g.</p>
<p>Esta peça destina 10% do lucro ao projeto social da sua escolha, no checkout.</p>"
"352618935","São Jorge Vintage | Camiseta Premium","https://loja.nimbuswear.com.br/produtos/sao-jorge-vintage3/","RELIQUIA","Camiseta Premium","PRONTO PARA REVISÃO FINAL","","São Jorge Vintage | Camiseta Premium | NIMBUS","São Jorge Vintage em camiseta premium NIMBUS. Modelagem ajustada unissex. Produção sob demanda no Brasil.","<p>São Jorge vencendo o dragão em halftone e letra gótica. A imagem do santo guerreiro em uma leitura vintage de alto contraste.</p>
<h2>A peça</h2>
<p>100% algodão penteado, fio 30/1. Modelagem ajustada unissex. Estampa em DTG. Cores disponíveis: Branca | Preta.</p>
<h2>Medidas</h2>
<p>P 49,5x70,5; M 52,5x72; G 54x75,5; GG 60,5x81,5; EG 63x85 cm (largura x altura).</p>
<p>Compare as medidas com uma peça sua. Pode haver pequena variação de fabricação.</p>
<h2>Cuidados</h2>
<p>Lavar com água fria e sabão neutro; não usar alvejante, amaciante ou secadora; secar à sombra; passar do avesso.</p>
<h2>Produção e envio</h2>
<p>Produzida sob demanda no Brasil. Prazos médios totais após a confirmação do pagamento: São Paulo, 1 a 3 dias úteis; Sudeste, 2 a 4; Sul e Centro-Oeste, 3 a 5; Norte e Nordeste, 4 a 10. O prazo do checkout para o seu CEP prevalece. O rastreio é enviado após a postagem.</p>
<p>Esta peça destina 10% do lucro ao projeto social da sua escolha, no checkout.</p>"
"352618878","São Jorge Vintage | Moletom Canguru","https://loja.nimbuswear.com.br/produtos/sao-jorge-vintage1/","RELIQUIA","Moletom Canguru","PRONTO PARA REVISÃO FINAL","","São Jorge Vintage | Moletom Canguru | NIMBUS","São Jorge Vintage em moletom canguru NIMBUS. Modelagem unissex com capuz e bolso canguru. Produção sob demanda no Brasil.","<p>São Jorge vencendo o dragão em halftone e letra gótica. A imagem do santo guerreiro em uma leitura vintage de alto contraste.</p>
<h2>A peça</h2>
<p>50% algodão e 50% poliéster, com gramatura informada de 300 g. Modelagem unissex com capuz e bolso canguru. Estampa em DTF. Cores disponíveis: Preta | Branca.</p>
<h2>Medidas</h2>
<p>P 52x60; M 55x64; G 58x65; GG 61x65; EG 69x70 cm (largura x altura).</p>
<p>Compare as medidas com uma peça sua. Pode haver pequena variação de fabricação.</p>
<h2>Cuidados</h2>
<p>Lavar com água fria e sabão neutro; não usar alvejante, amaciante ou secadora; secar à sombra; passar do avesso.</p>
<h2>Produção e envio</h2>
<p>Produzida sob demanda no Brasil. Prazos médios totais após a confirmação do pagamento: São Paulo, 1 a 3 dias úteis; Sudeste, 2 a 4; Sul e Centro-Oeste, 3 a 5; Norte e Nordeste, 4 a 10. O prazo do checkout para o seu CEP prevalece. O rastreio é enviado após a postagem.</p>
<p>Esta peça destina 10% do lucro ao projeto social da sua escolha, no checkout.</p>"
"352407182","São Miguel Vintage | Camiseta Oversized Premium","https://loja.nimbuswear.com.br/produtos/sao-miguel-vintage2/","RELIQUIA","Camiseta Oversized Premium","BLOQUEADO POR DADO YOUDRAW","Confirmar no painel que os produtos NIMBUS usam a versão atual de 240 g, pois há páginas antigas do marketplace citando 165 g.","São Miguel Vintage | Camiseta Oversized Premium | NIMBUS","São Miguel Vintage em camiseta oversized premium NIMBUS. Modelagem oversized unissex, mangas 3/4 e caimento solto. Produção sob demanda no Brasil.","<p>São Miguel Arcanjo em halftone, com letra gótica e textura vintage. Tradição e proteção em uma estampa de alto contraste.</p>
<h2>A peça</h2>
<p>100% algodão, com gramatura informada de 240 g. Modelagem oversized unissex, mangas 3/4 e caimento solto. Estampa em DTG. Cores disponíveis: Preta | Off-White.</p>
<h2>Medidas</h2>
<p>P 62x78; M 64x80; G 66x82; GG 68x84; EG 70x86 cm (largura x altura).</p>
<p>Compare as medidas com uma peça sua. Pode haver pequena variação de fabricação.</p>
<h2>Cuidados</h2>
<p>Lavar com água fria e sabão neutro; não usar alvejante, amaciante ou secadora; secar à sombra; passar do avesso.</p>
<h2>Produção e envio</h2>
<p>Produzida sob demanda no Brasil. Prazos médios totais após a confirmação do pagamento: São Paulo, 1 a 3 dias úteis; Sudeste, 2 a 4; Sul e Centro-Oeste, 3 a 5; Norte e Nordeste, 4 a 10. O prazo do checkout para o seu CEP prevalece. O rastreio é enviado após a postagem.</p>
<p><strong>REVISÃO TÉCNICA PENDENTE:</strong> Confirmar no painel que os produtos NIMBUS usam a versão atual de 240 g, pois há páginas antigas do marketplace citando 165 g.</p>
<p>Esta peça destina 10% do lucro ao projeto social da sua escolha, no checkout.</p>"
"352407196","São Miguel Vintage | Camiseta Premium","https://loja.nimbuswear.com.br/produtos/sao-miguel-vintage3/","RELIQUIA","Camiseta Premium","PRONTO PARA REVISÃO FINAL","","São Miguel Vintage | Camiseta Premium | NIMBUS","São Miguel Vintage em camiseta premium NIMBUS. Modelagem ajustada unissex. Produção sob demanda no Brasil.","<p>São Miguel Arcanjo em halftone, com letra gótica e textura vintage. Tradição e proteção em uma estampa de alto contraste.</p>
<h2>A peça</h2>
<p>100% algodão penteado, fio 30/1. Modelagem ajustada unissex. Estampa em DTG. Cores disponíveis: Preta | Branca.</p>
<h2>Medidas</h2>
<p>P 49,5x70,5; M 52,5x72; G 54x75,5; GG 60,5x81,5; EG 63x85 cm (largura x altura).</p>
<p>Compare as medidas com uma peça sua. Pode haver pequena variação de fabricação.</p>
<h2>Cuidados</h2>
<p>Lavar com água fria e sabão neutro; não usar alvejante, amaciante ou secadora; secar à sombra; passar do avesso.</p>
<h2>Produção e envio</h2>
<p>Produzida sob demanda no Brasil. Prazos médios totais após a confirmação do pagamento: São Paulo, 1 a 3 dias úteis; Sudeste, 2 a 4; Sul e Centro-Oeste, 3 a 5; Norte e Nordeste, 4 a 10. O prazo do checkout para o seu CEP prevalece. O rastreio é enviado após a postagem.</p>
<p>Esta peça destina 10% do lucro ao projeto social da sua escolha, no checkout.</p>"
"352407156","São Miguel Vintage | Moletom Canguru","https://loja.nimbuswear.com.br/produtos/sao-miguel-vintage1/","RELIQUIA","Moletom Canguru","PRONTO PARA REVISÃO FINAL","","São Miguel Vintage | Moletom Canguru | NIMBUS","São Miguel Vintage em moletom canguru NIMBUS. Modelagem unissex com capuz e bolso canguru. Produção sob demanda no Brasil.","<p>São Miguel Arcanjo em halftone, com letra gótica e textura vintage. Tradição e proteção em uma estampa de alto contraste.</p>
<h2>A peça</h2>
<p>50% algodão e 50% poliéster, com gramatura informada de 300 g. Modelagem unissex com capuz e bolso canguru. Estampa em DTF. Cores disponíveis: Preta | Branca.</p>
<h2>Medidas</h2>
<p>P 52x60; M 55x64; G 58x65; GG 61x65; EG 69x70 cm (largura x altura).</p>
<p>Compare as medidas com uma peça sua. Pode haver pequena variação de fabricação.</p>
<h2>Cuidados</h2>
<p>Lavar com água fria e sabão neutro; não usar alvejante, amaciante ou secadora; secar à sombra; passar do avesso.</p>
<h2>Produção e envio</h2>
<p>Produzida sob demanda no Brasil. Prazos médios totais após a confirmação do pagamento: São Paulo, 1 a 3 dias úteis; Sudeste, 2 a 4; Sul e Centro-Oeste, 3 a 5; Norte e Nordeste, 4 a 10. O prazo do checkout para o seu CEP prevalece. O rastreio é enviado após a postagem.</p>
<p>Esta peça destina 10% do lucro ao projeto social da sua escolha, no checkout.</p>"
"352728451","Acima de Tudo Grafite | Camiseta Oversized Premium","https://loja.nimbuswear.com.br/produtos/acima-de-tudo/","STREET","Camiseta Oversized Premium","BLOQUEADO POR DADO YOUDRAW","Confirmar no painel que os produtos NIMBUS usam a versão atual de 240 g, pois há páginas antigas do marketplace citando 165 g.","Acima de Tudo Grafite | Camiseta Oversized Premium | NIMBUS","Acima de Tudo Grafite em camiseta oversized premium NIMBUS. Modelagem oversized unissex, mangas 3/4 e caimento solto. Produção sob demanda no Brasil.","<p>A frase Acima de Tudo em grafite wildstyle, com spray e respingos. A fé encontra a linguagem visual da rua em uma estampa de presença.</p>
<h2>A peça</h2>
<p>100% algodão, com gramatura informada de 240 g. Modelagem oversized unissex, mangas 3/4 e caimento solto. Estampa em DTG. Cores disponíveis: Off-White.</p>
<h2>Medidas</h2>
<p>P 62x78; M 64x80; G 66x82; GG 68x84; EG 70x86 cm (largura x altura).</p>
<p>Compare as medidas com uma peça sua. Pode haver pequena variação de fabricação.</p>
<h2>Cuidados</h2>
<p>Lavar com água fria e sabão neutro; não usar alvejante, amaciante ou secadora; secar à sombra; passar do avesso.</p>
<h2>Produção e envio</h2>
<p>Produzida sob demanda no Brasil. Prazos médios totais após a confirmação do pagamento: São Paulo, 1 a 3 dias úteis; Sudeste, 2 a 4; Sul e Centro-Oeste, 3 a 5; Norte e Nordeste, 4 a 10. O prazo do checkout para o seu CEP prevalece. O rastreio é enviado após a postagem.</p>
<p><strong>REVISÃO TÉCNICA PENDENTE:</strong> Confirmar no painel que os produtos NIMBUS usam a versão atual de 240 g, pois há páginas antigas do marketplace citando 165 g.</p>
<p>Esta peça destina 10% do lucro ao projeto social da sua escolha, no checkout.</p>"
"352728524","Acima de Tudo Grafite | Camiseta Premium","https://loja.nimbuswear.com.br/produtos/acima-de-tudo1/","STREET","Camiseta Premium","PRONTO PARA REVISÃO FINAL","","Acima de Tudo Grafite | Camiseta Premium | NIMBUS","Acima de Tudo Grafite em camiseta premium NIMBUS. Modelagem ajustada unissex. Produção sob demanda no Brasil.","<p>A frase Acima de Tudo em grafite wildstyle, com spray e respingos. A fé encontra a linguagem visual da rua em uma estampa de presença.</p>
<h2>A peça</h2>
<p>100% algodão penteado, fio 30/1. Modelagem ajustada unissex. Estampa em DTG. Cores disponíveis: Branca.</p>
<h2>Medidas</h2>
<p>P 49,5x70,5; M 52,5x72; G 54x75,5; GG 60,5x81,5; EG 63x85 cm (largura x altura).</p>
<p>Compare as medidas com uma peça sua. Pode haver pequena variação de fabricação.</p>
<h2>Cuidados</h2>
<p>Lavar com água fria e sabão neutro; não usar alvejante, amaciante ou secadora; secar à sombra; passar do avesso.</p>
<h2>Produção e envio</h2>
<p>Produzida sob demanda no Brasil. Prazos médios totais após a confirmação do pagamento: São Paulo, 1 a 3 dias úteis; Sudeste, 2 a 4; Sul e Centro-Oeste, 3 a 5; Norte e Nordeste, 4 a 10. O prazo do checkout para o seu CEP prevalece. O rastreio é enviado após a postagem.</p>
<p>Esta peça destina 10% do lucro ao projeto social da sua escolha, no checkout.</p>"
"352728277","Anjo da Guarda Stencil | Camiseta Oversized Premium","https://loja.nimbuswear.com.br/produtos/anjo-da-guarda/","STREET","Camiseta Oversized Premium","BLOQUEADO POR DADO YOUDRAW","Confirmar no painel que os produtos NIMBUS usam a versão atual de 240 g, pois há páginas antigas do marketplace citando 165 g.","Anjo da Guarda Stencil | Camiseta Oversized Premium | NIMBUS","Anjo da Guarda Stencil em camiseta oversized premium NIMBUS. Modelagem oversized unissex, mangas 3/4 e caimento solto. Produção sob demanda no Brasil.","<p>O Anjo da Guarda em stencil de alto contraste. Uma releitura urbana e sóbria da imagem de proteção que acompanha o cotidiano.</p>
<h2>A peça</h2>
<p>100% algodão, com gramatura informada de 240 g. Modelagem oversized unissex, mangas 3/4 e caimento solto. Estampa em DTG. Cores disponíveis: Preta.</p>
<h2>Medidas</h2>
<p>P 62x78; M 64x80; G 66x82; GG 68x84; EG 70x86 cm (largura x altura).</p>
<p>Compare as medidas com uma peça sua. Pode haver pequena variação de fabricação.</p>
<h2>Cuidados</h2>
<p>Lavar com água fria e sabão neutro; não usar alvejante, amaciante ou secadora; secar à sombra; passar do avesso.</p>
<h2>Produção e envio</h2>
<p>Produzida sob demanda no Brasil. Prazos médios totais após a confirmação do pagamento: São Paulo, 1 a 3 dias úteis; Sudeste, 2 a 4; Sul e Centro-Oeste, 3 a 5; Norte e Nordeste, 4 a 10. O prazo do checkout para o seu CEP prevalece. O rastreio é enviado após a postagem.</p>
<p><strong>REVISÃO TÉCNICA PENDENTE:</strong> Confirmar no painel que os produtos NIMBUS usam a versão atual de 240 g, pois há páginas antigas do marketplace citando 165 g.</p>
<p>Esta peça destina 10% do lucro ao projeto social da sua escolha, no checkout.</p>"
"352728357","Anjo da Guarda Stencil | Camiseta Premium","https://loja.nimbuswear.com.br/produtos/anjo-da-guarda1/","STREET","Camiseta Premium","PRONTO PARA REVISÃO FINAL","","Anjo da Guarda Stencil | Camiseta Premium | NIMBUS","Anjo da Guarda Stencil em camiseta premium NIMBUS. Modelagem ajustada unissex. Produção sob demanda no Brasil.","<p>O Anjo da Guarda em stencil de alto contraste. Uma releitura urbana e sóbria da imagem de proteção que acompanha o cotidiano.</p>
<h2>A peça</h2>
<p>100% algodão penteado, fio 30/1. Modelagem ajustada unissex. Estampa em DTG. Cores disponíveis: Preta.</p>
<h2>Medidas</h2>
<p>P 49,5x70,5; M 52,5x72; G 54x75,5; GG 60,5x81,5; EG 63x85 cm (largura x altura).</p>
<p>Compare as medidas com uma peça sua. Pode haver pequena variação de fabricação.</p>
<h2>Cuidados</h2>
<p>Lavar com água fria e sabão neutro; não usar alvejante, amaciante ou secadora; secar à sombra; passar do avesso.</p>
<h2>Produção e envio</h2>
<p>Produzida sob demanda no Brasil. Prazos médios totais após a confirmação do pagamento: São Paulo, 1 a 3 dias úteis; Sudeste, 2 a 4; Sul e Centro-Oeste, 3 a 5; Norte e Nordeste, 4 a 10. O prazo do checkout para o seu CEP prevalece. O rastreio é enviado após a postagem.</p>
<p>Esta peça destina 10% do lucro ao projeto social da sua escolha, no checkout.</p>"
"352727892","Aparecida Spray | Blusão Moletom","https://loja.nimbuswear.com.br/produtos/aparecida-spray1/","STREET","Blusão Moletom","BLOQUEADO POR DADO YOUDRAW","A Central de Ajuda informa material e modelagem, mas não publica a tabela de medidas do moletom sem capuz.","Aparecida Spray | Blusão Moletom | NIMBUS","Aparecida Spray em blusão moletom NIMBUS. Modelagem unissex sem capuz. Produção sob demanda no Brasil.","<p>Nossa Senhora Aparecida em stencil de spray dourado, com cores do Brasil. Devoção brasileira traduzida para o streetwear contemporâneo.</p>
<h2>A peça</h2>
<p>50% algodão e 50% poliéster. Modelagem unissex sem capuz. Estampa em DTF. Cores disponíveis: Preta.</p>
<h2>Medidas</h2>
<p>AGUARDA CONFIRMAÇÃO DA YOUDRAW.</p>
<p>Compare as medidas com uma peça sua. Pode haver pequena variação de fabricação.</p>
<h2>Cuidados</h2>
<p>Lavar com água fria e sabão neutro; não usar alvejante, amaciante ou secadora; secar à sombra; passar do avesso.</p>
<h2>Produção e envio</h2>
<p>Produzida sob demanda no Brasil. Prazos médios totais após a confirmação do pagamento: São Paulo, 1 a 3 dias úteis; Sudeste, 2 a 4; Sul e Centro-Oeste, 3 a 5; Norte e Nordeste, 4 a 10. O prazo do checkout para o seu CEP prevalece. O rastreio é enviado após a postagem.</p>
<p><strong>REVISÃO TÉCNICA PENDENTE:</strong> A Central de Ajuda informa material e modelagem, mas não publica a tabela de medidas do moletom sem capuz.</p>
<p>Esta peça destina 10% do lucro ao projeto social da sua escolha, no checkout.</p>"
"352728019","Aparecida Spray | Camiseta Oversized Premium","https://loja.nimbuswear.com.br/produtos/aparecida-spray2/","STREET","Camiseta Oversized Premium","BLOQUEADO POR DADO YOUDRAW","Confirmar no painel que os produtos NIMBUS usam a versão atual de 240 g, pois há páginas antigas do marketplace citando 165 g.","Aparecida Spray | Camiseta Oversized Premium | NIMBUS","Aparecida Spray em camiseta oversized premium NIMBUS. Modelagem oversized unissex, mangas 3/4 e caimento solto. Produção sob demanda no Brasil.","<p>Nossa Senhora Aparecida em stencil de spray dourado, com cores do Brasil. Devoção brasileira traduzida para o streetwear contemporâneo.</p>
<h2>A peça</h2>
<p>100% algodão, com gramatura informada de 240 g. Modelagem oversized unissex, mangas 3/4 e caimento solto. Estampa em DTG. Cores disponíveis: Preta.</p>
<h2>Medidas</h2>
<p>P 62x78; M 64x80; G 66x82; GG 68x84; EG 70x86 cm (largura x altura).</p>
<p>Compare as medidas com uma peça sua. Pode haver pequena variação de fabricação.</p>
<h2>Cuidados</h2>
<p>Lavar com água fria e sabão neutro; não usar alvejante, amaciante ou secadora; secar à sombra; passar do avesso.</p>
<h2>Produção e envio</h2>
<p>Produzida sob demanda no Brasil. Prazos médios totais após a confirmação do pagamento: São Paulo, 1 a 3 dias úteis; Sudeste, 2 a 4; Sul e Centro-Oeste, 3 a 5; Norte e Nordeste, 4 a 10. O prazo do checkout para o seu CEP prevalece. O rastreio é enviado após a postagem.</p>
<p><strong>REVISÃO TÉCNICA PENDENTE:</strong> Confirmar no painel que os produtos NIMBUS usam a versão atual de 240 g, pois há páginas antigas do marketplace citando 165 g.</p>
<p>Esta peça destina 10% do lucro ao projeto social da sua escolha, no checkout.</p>"
"352889132","Aparecida Spray | Camiseta Premium","https://loja.nimbuswear.com.br/produtos/aparecida-spray3/","STREET","Camiseta Premium","PRONTO PARA REVISÃO FINAL","","Aparecida Spray | Camiseta Premium | NIMBUS","Aparecida Spray em camiseta premium NIMBUS. Modelagem ajustada unissex. Produção sob demanda no Brasil.","<p>Nossa Senhora Aparecida em stencil de spray dourado, com cores do Brasil. Devoção brasileira traduzida para o streetwear contemporâneo.</p>
<h2>A peça</h2>
<p>100% algodão penteado, fio 30/1. Modelagem ajustada unissex. Estampa em DTG. Cores disponíveis: Preta.</p>
<h2>Medidas</h2>
<p>P 49,5x70,5; M 52,5x72; G 54x75,5; GG 60,5x81,5; EG 63x85 cm (largura x altura).</p>
<p>Compare as medidas com uma peça sua. Pode haver pequena variação de fabricação.</p>
<h2>Cuidados</h2>
<p>Lavar com água fria e sabão neutro; não usar alvejante, amaciante ou secadora; secar à sombra; passar do avesso.</p>
<h2>Produção e envio</h2>
<p>Produzida sob demanda no Brasil. Prazos médios totais após a confirmação do pagamento: São Paulo, 1 a 3 dias úteis; Sudeste, 2 a 4; Sul e Centro-Oeste, 3 a 5; Norte e Nordeste, 4 a 10. O prazo do checkout para o seu CEP prevalece. O rastreio é enviado após a postagem.</p>
<p>Esta peça destina 10% do lucro ao projeto social da sua escolha, no checkout.</p>"
"352721477","Espírito Santo Spray | Camiseta Premium","https://loja.nimbuswear.com.br/produtos/espirito-santo1/","STREET","Camiseta Premium","PRONTO PARA REVISÃO FINAL","","Espírito Santo Spray | Camiseta Premium | NIMBUS","Espírito Santo Spray em camiseta premium NIMBUS. Modelagem ajustada unissex. Produção sob demanda no Brasil.","<p>A pomba do Espírito Santo em stencil de spray, com asas abertas e raios. Um símbolo de paz e graça em linguagem urbana.</p>
<h2>A peça</h2>
<p>100% algodão penteado, fio 30/1. Modelagem ajustada unissex. Estampa em DTG. Cores disponíveis: Preta | Branca.</p>
<h2>Medidas</h2>
<p>P 49,5x70,5; M 52,5x72; G 54x75,5; GG 60,5x81,5; EG 63x85 cm (largura x altura).</p>
<p>Compare as medidas com uma peça sua. Pode haver pequena variação de fabricação.</p>
<h2>Cuidados</h2>
<p>Lavar com água fria e sabão neutro; não usar alvejante, amaciante ou secadora; secar à sombra; passar do avesso.</p>
<h2>Produção e envio</h2>
<p>Produzida sob demanda no Brasil. Prazos médios totais após a confirmação do pagamento: São Paulo, 1 a 3 dias úteis; Sudeste, 2 a 4; Sul e Centro-Oeste, 3 a 5; Norte e Nordeste, 4 a 10. O prazo do checkout para o seu CEP prevalece. O rastreio é enviado após a postagem.</p>
<p>Esta peça destina 10% do lucro ao projeto social da sua escolha, no checkout.</p>"
"352721118","Fé Wildstyle | Camiseta Oversized Premium","https://loja.nimbuswear.com.br/produtos/fe2/","STREET","Camiseta Oversized Premium","BLOQUEADO POR DADO YOUDRAW","Confirmar no painel que os produtos NIMBUS usam a versão atual de 240 g, pois há páginas antigas do marketplace citando 165 g.","Fé Wildstyle | Camiseta Oversized Premium | NIMBUS","Fé Wildstyle em camiseta oversized premium NIMBUS. Modelagem oversized unissex, mangas 3/4 e caimento solto. Produção sob demanda no Brasil.","<p>A palavra Fé em grafite wildstyle, com spray, cor e movimento. Curta na mensagem e marcante na presença.</p>
<h2>A peça</h2>
<p>100% algodão, com gramatura informada de 240 g. Modelagem oversized unissex, mangas 3/4 e caimento solto. Estampa em DTG. Cores disponíveis: Preta | Off-White.</p>
<h2>Medidas</h2>
<p>P 62x78; M 64x80; G 66x82; GG 68x84; EG 70x86 cm (largura x altura).</p>
<p>Compare as medidas com uma peça sua. Pode haver pequena variação de fabricação.</p>
<h2>Cuidados</h2>
<p>Lavar com água fria e sabão neutro; não usar alvejante, amaciante ou secadora; secar à sombra; passar do avesso.</p>
<h2>Produção e envio</h2>
<p>Produzida sob demanda no Brasil. Prazos médios totais após a confirmação do pagamento: São Paulo, 1 a 3 dias úteis; Sudeste, 2 a 4; Sul e Centro-Oeste, 3 a 5; Norte e Nordeste, 4 a 10. O prazo do checkout para o seu CEP prevalece. O rastreio é enviado após a postagem.</p>
<p><strong>REVISÃO TÉCNICA PENDENTE:</strong> Confirmar no painel que os produtos NIMBUS usam a versão atual de 240 g, pois há páginas antigas do marketplace citando 165 g.</p>
<p>Esta peça destina 10% do lucro ao projeto social da sua escolha, no checkout.</p>"
"352721197","Fé Wildstyle | Camiseta Premium","https://loja.nimbuswear.com.br/produtos/fe3/","STREET","Camiseta Premium","PRONTO PARA REVISÃO FINAL","","Fé Wildstyle | Camiseta Premium | NIMBUS","Fé Wildstyle em camiseta premium NIMBUS. Modelagem ajustada unissex. Produção sob demanda no Brasil.","<p>A palavra Fé em grafite wildstyle, com spray, cor e movimento. Curta na mensagem e marcante na presença.</p>
<h2>A peça</h2>
<p>100% algodão penteado, fio 30/1. Modelagem ajustada unissex. Estampa em DTG. Cores disponíveis: Preta | Branca.</p>
<h2>Medidas</h2>
<p>P 49,5x70,5; M 52,5x72; G 54x75,5; GG 60,5x81,5; EG 63x85 cm (largura x altura).</p>
<p>Compare as medidas com uma peça sua. Pode haver pequena variação de fabricação.</p>
<h2>Cuidados</h2>
<p>Lavar com água fria e sabão neutro; não usar alvejante, amaciante ou secadora; secar à sombra; passar do avesso.</p>
<h2>Produção e envio</h2>
<p>Produzida sob demanda no Brasil. Prazos médios totais após a confirmação do pagamento: São Paulo, 1 a 3 dias úteis; Sudeste, 2 a 4; Sul e Centro-Oeste, 3 a 5; Norte e Nordeste, 4 a 10. O prazo do checkout para o seu CEP prevalece. O rastreio é enviado após a postagem.</p>
<p>Esta peça destina 10% do lucro ao projeto social da sua escolha, no checkout.</p>"
"352721633","NIMBUS Wildstyle | Camiseta Oversized Premium","https://loja.nimbuswear.com.br/produtos/wildstyle3/","STREET","Camiseta Oversized Premium","BLOQUEADO POR DADO YOUDRAW","Confirmar no painel que os produtos NIMBUS usam a versão atual de 240 g, pois há páginas antigas do marketplace citando 165 g.","NIMBUS Wildstyle | Camiseta Oversized Premium | NIMBUS","NIMBUS Wildstyle em camiseta oversized premium NIMBUS. Modelagem oversized unissex, mangas 3/4 e caimento solto. Produção sob demanda no Brasil.","<p>A palavra NIMBUS em grafite wildstyle, com contorno, spray e auréola. A assinatura da marca em linguagem de rua.</p>
<h2>A peça</h2>
<p>100% algodão, com gramatura informada de 240 g. Modelagem oversized unissex, mangas 3/4 e caimento solto. Estampa em DTG. Cores disponíveis: Preta | Off-White.</p>
<h2>Medidas</h2>
<p>P 62x78; M 64x80; G 66x82; GG 68x84; EG 70x86 cm (largura x altura).</p>
<p>Compare as medidas com uma peça sua. Pode haver pequena variação de fabricação.</p>
<h2>Cuidados</h2>
<p>Lavar com água fria e sabão neutro; não usar alvejante, amaciante ou secadora; secar à sombra; passar do avesso.</p>
<h2>Produção e envio</h2>
<p>Produzida sob demanda no Brasil. Prazos médios totais após a confirmação do pagamento: São Paulo, 1 a 3 dias úteis; Sudeste, 2 a 4; Sul e Centro-Oeste, 3 a 5; Norte e Nordeste, 4 a 10. O prazo do checkout para o seu CEP prevalece. O rastreio é enviado após a postagem.</p>
<p><strong>REVISÃO TÉCNICA PENDENTE:</strong> Confirmar no painel que os produtos NIMBUS usam a versão atual de 240 g, pois há páginas antigas do marketplace citando 165 g.</p>
<p>Esta peça destina 10% do lucro ao projeto social da sua escolha, no checkout.</p>"
"355581274","NIMBUS Wildstyle | Ecobag","https://loja.nimbuswear.com.br/produtos/wildstyle/","STREET","Ecobag","BLOQUEADO POR DADO YOUDRAW","Capacidade em litros, peso suportado e método de impressão aguardam confirmação da YouDraw.","NIMBUS Wildstyle | Ecobag | NIMBUS","NIMBUS Wildstyle em ecobag NIMBUS. Bolsa reutilizável. Produção sob demanda no Brasil.","<p>A palavra NIMBUS em grafite wildstyle, com contorno, spray e auréola. A assinatura da marca em linguagem de rua.</p>
<h2>A peça</h2>
<p>100% algodão. Bolsa reutilizável. Estampa em Confirmar no painel YouDraw. Cores disponíveis: .</p>
<h2>Medidas</h2>
<p>41x35 cm; alças de 60 cm.</p>
<p>Compare as medidas com uma peça sua. Pode haver pequena variação de fabricação.</p>
<h2>Cuidados</h2>
<p>Lavável; instruções completas aguardam confirmação da YouDraw.</p>
<h2>Produção e envio</h2>
<p>Produzida sob demanda no Brasil. Prazos médios totais após a confirmação do pagamento: São Paulo, 1 a 3 dias úteis; Sudeste, 2 a 4; Sul e Centro-Oeste, 3 a 5; Norte e Nordeste, 4 a 10. O prazo do checkout para o seu CEP prevalece. O rastreio é enviado após a postagem.</p>
<p><strong>REVISÃO TÉCNICA PENDENTE:</strong> Capacidade em litros, peso suportado e método de impressão aguardam confirmação da YouDraw.</p>
<p>Esta peça destina 10% do lucro ao projeto social da sua escolha, no checkout.</p>"
"352725749","Querubim Spray | Camiseta Oversized Premium","https://loja.nimbuswear.com.br/produtos/querubim-spray/","STREET","Camiseta Oversized Premium","BLOQUEADO POR DADO YOUDRAW","Confirmar no painel que os produtos NIMBUS usam a versão atual de 240 g, pois há páginas antigas do marketplace citando 165 g.","Querubim Spray | Camiseta Oversized Premium | NIMBUS","Querubim Spray em camiseta oversized premium NIMBUS. Modelagem oversized unissex, mangas 3/4 e caimento solto. Produção sob demanda no Brasil.","<p>Um querubim barroco recriado em stencil de spray. Arte sacra clássica e textura urbana no mesmo desenho.</p>
<h2>A peça</h2>
<p>100% algodão, com gramatura informada de 240 g. Modelagem oversized unissex, mangas 3/4 e caimento solto. Estampa em DTG. Cores disponíveis: Preta | Off-White.</p>
<h2>Medidas</h2>
<p>P 62x78; M 64x80; G 66x82; GG 68x84; EG 70x86 cm (largura x altura).</p>
<p>Compare as medidas com uma peça sua. Pode haver pequena variação de fabricação.</p>
<h2>Cuidados</h2>
<p>Lavar com água fria e sabão neutro; não usar alvejante, amaciante ou secadora; secar à sombra; passar do avesso.</p>
<h2>Produção e envio</h2>
<p>Produzida sob demanda no Brasil. Prazos médios totais após a confirmação do pagamento: São Paulo, 1 a 3 dias úteis; Sudeste, 2 a 4; Sul e Centro-Oeste, 3 a 5; Norte e Nordeste, 4 a 10. O prazo do checkout para o seu CEP prevalece. O rastreio é enviado após a postagem.</p>
<p><strong>REVISÃO TÉCNICA PENDENTE:</strong> Confirmar no painel que os produtos NIMBUS usam a versão atual de 240 g, pois há páginas antigas do marketplace citando 165 g.</p>
<p>Esta peça destina 10% do lucro ao projeto social da sua escolha, no checkout.</p>"
"352725852","Querubim Spray | Camiseta Premium","https://loja.nimbuswear.com.br/produtos/querubim-spray1/","STREET","Camiseta Premium","PRONTO PARA REVISÃO FINAL","","Querubim Spray | Camiseta Premium | NIMBUS","Querubim Spray em camiseta premium NIMBUS. Modelagem ajustada unissex. Produção sob demanda no Brasil.","<p>Um querubim barroco recriado em stencil de spray. Arte sacra clássica e textura urbana no mesmo desenho.</p>
<h2>A peça</h2>
<p>100% algodão penteado, fio 30/1. Modelagem ajustada unissex. Estampa em DTG. Cores disponíveis: Preta | Branca.</p>
<h2>Medidas</h2>
<p>P 49,5x70,5; M 52,5x72; G 54x75,5; GG 60,5x81,5; EG 63x85 cm (largura x altura).</p>
<p>Compare as medidas com uma peça sua. Pode haver pequena variação de fabricação.</p>
<h2>Cuidados</h2>
<p>Lavar com água fria e sabão neutro; não usar alvejante, amaciante ou secadora; secar à sombra; passar do avesso.</p>
<h2>Produção e envio</h2>
<p>Produzida sob demanda no Brasil. Prazos médios totais após a confirmação do pagamento: São Paulo, 1 a 3 dias úteis; Sudeste, 2 a 4; Sul e Centro-Oeste, 3 a 5; Norte e Nordeste, 4 a 10. O prazo do checkout para o seu CEP prevalece. O rastreio é enviado após a postagem.</p>
<p>Esta peça destina 10% do lucro ao projeto social da sua escolha, no checkout.</p>"
"352722232","Sagrado Coração Spray | Camiseta Premium","https://loja.nimbuswear.com.br/produtos/sagrado-coracao-spray1/","STREET","Camiseta Premium","PRONTO PARA REVISÃO FINAL","","Sagrado Coração Spray | Camiseta Premium | NIMBUS","Sagrado Coração Spray em camiseta premium NIMBUS. Modelagem ajustada unissex. Produção sob demanda no Brasil.","<p>O Sagrado Coração de Jesus em stencil de spray, com coroa de espinhos e chama. Uma devoção tradicional em traço streetwear.</p>
<h2>A peça</h2>
<p>100% algodão penteado, fio 30/1. Modelagem ajustada unissex. Estampa em DTG. Cores disponíveis: Branca.</p>
<h2>Medidas</h2>
<p>P 49,5x70,5; M 52,5x72; G 54x75,5; GG 60,5x81,5; EG 63x85 cm (largura x altura).</p>
<p>Compare as medidas com uma peça sua. Pode haver pequena variação de fabricação.</p>
<h2>Cuidados</h2>
<p>Lavar com água fria e sabão neutro; não usar alvejante, amaciante ou secadora; secar à sombra; passar do avesso.</p>
<h2>Produção e envio</h2>
<p>Produzida sob demanda no Brasil. Prazos médios totais após a confirmação do pagamento: São Paulo, 1 a 3 dias úteis; Sudeste, 2 a 4; Sul e Centro-Oeste, 3 a 5; Norte e Nordeste, 4 a 10. O prazo do checkout para o seu CEP prevalece. O rastreio é enviado após a postagem.</p>
<p>Esta peça destina 10% do lucro ao projeto social da sua escolha, no checkout.</p>"
"352727545","São Miguel Vitorioso | Camiseta Oversized Premium","https://loja.nimbuswear.com.br/produtos/arcanjo-spray2/","STREET","Camiseta Oversized Premium","BLOQUEADO POR DADO YOUDRAW","Confirmar no painel que os produtos NIMBUS usam a versão atual de 240 g, pois há páginas antigas do marketplace citando 165 g.","São Miguel Vitorioso | Camiseta Oversized Premium | NIMBUS","São Miguel Vitorioso em camiseta oversized premium NIMBUS. Modelagem oversized unissex, mangas 3/4 e caimento solto. Produção sob demanda no Brasil.","<p>São Miguel Arcanjo vencendo o mal em stencil de spray. Força, proteção e fé reunidas em uma composição urbana.</p>
<h2>A peça</h2>
<p>100% algodão, com gramatura informada de 240 g. Modelagem oversized unissex, mangas 3/4 e caimento solto. Estampa em DTG. Cores disponíveis: Preta | Off-White.</p>
<h2>Medidas</h2>
<p>P 62x78; M 64x80; G 66x82; GG 68x84; EG 70x86 cm (largura x altura).</p>
<p>Compare as medidas com uma peça sua. Pode haver pequena variação de fabricação.</p>
<h2>Cuidados</h2>
<p>Lavar com água fria e sabão neutro; não usar alvejante, amaciante ou secadora; secar à sombra; passar do avesso.</p>
<h2>Produção e envio</h2>
<p>Produzida sob demanda no Brasil. Prazos médios totais após a confirmação do pagamento: São Paulo, 1 a 3 dias úteis; Sudeste, 2 a 4; Sul e Centro-Oeste, 3 a 5; Norte e Nordeste, 4 a 10. O prazo do checkout para o seu CEP prevalece. O rastreio é enviado após a postagem.</p>
<p><strong>REVISÃO TÉCNICA PENDENTE:</strong> Confirmar no painel que os produtos NIMBUS usam a versão atual de 240 g, pois há páginas antigas do marketplace citando 165 g.</p>
<p>Esta peça destina 10% do lucro ao projeto social da sua escolha, no checkout.</p>"
"352898175","São Miguel Vitorioso | Camiseta Premium","https://loja.nimbuswear.com.br/produtos/arcanjo-spray3/","STREET","Camiseta Premium","PRONTO PARA REVISÃO FINAL","","São Miguel Vitorioso | Camiseta Premium | NIMBUS","São Miguel Vitorioso em camiseta premium NIMBUS. Modelagem ajustada unissex. Produção sob demanda no Brasil.","<p>São Miguel Arcanjo vencendo o mal em stencil de spray. Força, proteção e fé reunidas em uma composição urbana.</p>
<h2>A peça</h2>
<p>100% algodão penteado, fio 30/1. Modelagem ajustada unissex. Estampa em DTG. Cores disponíveis: Preta | Branca.</p>
<h2>Medidas</h2>
<p>P 49,5x70,5; M 52,5x72; G 54x75,5; GG 60,5x81,5; EG 63x85 cm (largura x altura).</p>
<p>Compare as medidas com uma peça sua. Pode haver pequena variação de fabricação.</p>
<h2>Cuidados</h2>
<p>Lavar com água fria e sabão neutro; não usar alvejante, amaciante ou secadora; secar à sombra; passar do avesso.</p>
<h2>Produção e envio</h2>
<p>Produzida sob demanda no Brasil. Prazos médios totais após a confirmação do pagamento: São Paulo, 1 a 3 dias úteis; Sudeste, 2 a 4; Sul e Centro-Oeste, 3 a 5; Norte e Nordeste, 4 a 10. O prazo do checkout para o seu CEP prevalece. O rastreio é enviado após a postagem.</p>
<p>Esta peça destina 10% do lucro ao projeto social da sua escolha, no checkout.</p>"
"352726673","São Miguel Vitorioso | Moletom Canguru","https://loja.nimbuswear.com.br/produtos/arcanjo-spray1/","STREET","Moletom Canguru","PRONTO PARA REVISÃO FINAL","","São Miguel Vitorioso | Moletom Canguru | NIMBUS","São Miguel Vitorioso em moletom canguru NIMBUS. Modelagem unissex com capuz e bolso canguru. Produção sob demanda no Brasil.","<p>São Miguel Arcanjo vencendo o mal em stencil de spray. Força, proteção e fé reunidas em uma composição urbana.</p>
<h2>A peça</h2>
<p>50% algodão e 50% poliéster, com gramatura informada de 300 g. Modelagem unissex com capuz e bolso canguru. Estampa em DTF. Cores disponíveis: Preta | Branca.</p>
<h2>Medidas</h2>
<p>P 52x60; M 55x64; G 58x65; GG 61x65; EG 69x70 cm (largura x altura).</p>
<p>Compare as medidas com uma peça sua. Pode haver pequena variação de fabricação.</p>
<h2>Cuidados</h2>
<p>Lavar com água fria e sabão neutro; não usar alvejante, amaciante ou secadora; secar à sombra; passar do avesso.</p>
<h2>Produção e envio</h2>
<p>Produzida sob demanda no Brasil. Prazos médios totais após a confirmação do pagamento: São Paulo, 1 a 3 dias úteis; Sudeste, 2 a 4; Sul e Centro-Oeste, 3 a 5; Norte e Nordeste, 4 a 10. O prazo do checkout para o seu CEP prevalece. O rastreio é enviado após a postagem.</p>
<p>Esta peça destina 10% do lucro ao projeto social da sua escolha, no checkout.</p>"
